digits,zero_borrow_forced,n,all_three_distinct_pct,unique_SFL_pct,applicable_SFL_pct,unique_BORROW_ZERO_pct,applicable_BORROW_ZERO_pct,unique_BORROW_NO_DEC_pct,applicable_BORROW_NO_DEC_pct,collide_SFL=BORROW_ZERO_pct,collide_SFL=BORROW_NO_DEC_pct,collide_BORROW_ZERO=BORROW_NO_DEC_pct
2,False,5000,0.0,88.5,100.0,0.0,20.9,70.0,100.0,2.5,11.5,20.9
3,False,5000,4.8,91.7,100.0,18.5,26.6,71.8,100.0,1.9,8.3,21.7
4,False,5000,14.0,93.4,100.0,46.2,30.8,78.0,100.0,1.2,6.6,16.6
5,False,5000,22.9,96.0,100.0,63.9,36.1,83.8,100.0,0.8,4.0,13.0
6,False,5000,30.7,96.8,100.0,74.2,41.6,86.6,100.0,0.6,3.2,10.7
2,True,5000,0.0,88.9,100.0,0.0,100.0,0.0,100.0,11.1,11.1,100.0
3,True,5000,19.4,92.3,100.0,19.8,100.0,19.4,100.0,7.4,7.7,80.2
4,True,5000,43.5,95.5,100.0,44.3,100.0,43.5,100.0,3.8,4.5,55.7
5,True,5000,61.8,97.2,100.0,62.1,100.0,61.8,100.0,2.5,2.8,37.9
6,True,5000,74.8,98.4,100.0,75.3,100.0,74.8,100.0,1.2,1.6,24.7
