dominance,n_sessions,responses_per_session,total_obs,ari_mean,ari_std
2,2,5,10,0.0592,0.0134
2,4,10,40,0.0965,0.0164
2,6,10,60,0.1043,0.0108
2,10,20,200,0.4338,0.0463
2,20,30,600,0.6804,0.0175
4,2,5,10,0.189,0.0337
4,4,10,40,0.5019,0.0392
4,6,10,60,0.6027,0.0321
4,10,20,200,0.724,0.0282
4,20,30,600,0.8928,0.1049
8,2,5,10,0.3712,0.0561
8,4,10,40,0.7134,0.0659
8,6,10,60,0.7831,0.0413
8,10,20,200,0.9183,0.0329
8,20,30,600,0.9911,0.0126
12,2,5,10,0.4226,0.014
12,4,10,40,0.7822,0.0704
12,6,10,60,0.7964,0.0234
12,10,20,200,0.9527,0.0211
12,20,30,600,1.0,0.0
